"com2018";"epci2018";"LIBGEO";"POP";"popmax"
"01004";"240100883";"Ambérieu-en-Bugey";14127;14127
"01025";"200071371";"Bâgé-Dommartin";4063;4063
"01033";"240100891";"Bellegarde-sur-Valserine";11809;11809
"01034";"200040350";"Belley";9058;9058
"01053";"200071751";"Bourg-en-Bresse";40819;40819
"01093";"200069193";"Châtillon-sur-Chalaronne";4914;4914
"01173";"240100750";"Gex";11687;11687
"01185";"240100578";"Hauteville-Lompnes";3739;3739
"01249";"240100800";"Miribel";9574;9574
"01262";"240100610";"Montluel";7032;7032
"01263";"200070118";"Montmerle-sur-Saône";3794;3794
"01283";"200042935";"Oyonnax";22392;22392
"01304";"200029999";"Pont-d-Ain";2867;2867
"01427";"200042497";"Trévoux";6768;6768
"01457";"200070555";"Vonnas";2926;2926
"02018";"200071769";"Anizy-le-Château";1956;1956
"02095";"240200493";"Bohain-en-Vermandois";5670;5670
"02106";"240200592";"Bourg-et-Comin";832;832
"02110";"240200501";"Braine";2249;2249
"02163";"240200584";"Charly-sur-Marne";2657;2657
"02168";"200072031";"Château-Thierry";14602;14602
"02360";"240200576";"Guignicourt";2193;2193
"02361";"200071983";"Guise";4919;4919
"02381";"240200600";"Hirson";9158;9158
"02408";"200043495";"Laon";25358;25358
"02468";"240200469";"Marle";2281;2281
"02502";"240200634";"Montcornet";1384;1384
"02558";"240200444";"Le-Nouvion-en-Thiérache";2669;2669
"02580";"240200519";"Oulchy-le-Château";832;832
"02648";"200040426";"Ribemont";1969;1969
"02691";"200071892";"Saint-Quentin";55649;55649
"02722";"240200477";"Soissons";28410;28410
"02738";"200071785";"Tergnier";13734;13734
"02810";"200071991";"Villers-Cotterêts";10951;10951
"03036";"200071496";"Bourbon-l-Archambault";2556;2556
"03048";"240300558";"Cérilly";1316;1316
"03082";"200071512";"Commentry";6329;6329
"03118";"200071389";"Gannat";5841;5841
"03128";"240300657";"Huriel";2682;2682
"03138";"240300491";"Lapalisse";3067;3067
"03185";"200071082";"Montluçon";36946;36946
"03190";"200071140";"Moulins";19697;19697
"03297";"240300566";"Vallon-en-Sully";1606;1606
"03298";"200071470";"Varennes-sur-Allier";3569;3569
"03310";"200071363";"Vichy";25068;25068
"04019";"200072304";"Barcelonnette";2622;2622
"04039";"200068625";"Castellane";1543;1543
"04070";"200067437";"Digne-les-Bains";16246;16246
"04088";"240400440";"Forcalquier";4981;4981
"04112";"200034700";"Manosque";21754;21754
"04145";"200071033";"Peipin";1476;1476
"04160";"200071025";"Reillanne";1621;1621
"04209";"200068765";"Sisteron";7213;7213
"05006";"240500462";"L-Argentière-la-Bessée";2307;2307
"05017";"200067320";"La-Bâtie-Neuve";2487;2487
"05023";"240500439";"Briançon";12370;12370
"05046";"200067742";"Embrun";6177;6177
"05061";"200067825";"Gap";40776;40776
"05065";"200067452";"Guillestre";2301;2301
"05132";"200068096";"Saint-Bonnet-en-Champsaur";2021;2021
"05179";"200067445";"Veynes";3159;3159
"06004";"240600585";"Antibes";74875;74875
"06029";"200039915";"Cannes";74285;74285
"06048";"240600593";"Contes";7412;7412
"06069";"200039857";"Grasse";50937;50937
"06083";"240600551";"Menton";28231;28231
"06088";"200030195";"Nice";342522;342522
"06099";"200039931";"Puget-Théniers";1898;1898
"07010";"200072015";"Annonay";16698;16698
"07019";"200073245";"Aubenas";12248;12248
"07042";"240700864";"Bourg-Saint-Andéol";7201;7201
"07064";"200041465";"Le-Cheylard";3032;3032
"07071";"200072007";"Coucouron";828;828
"07102";"200041366";"Guilherand-Granges";10862;10862
"07117";"240700302";"Lablachère";2081;2081
"07129";"200016905";"Lamastre";2361;2361
"07132";"240700617";"Largentière";1724;1724
"07182";"200039824";"Prades";1268;1268
"07186";"200071413";"Privas";8321;8321
"07309";"240700716";"Satillieu";1582;1582
"07319";"200071405";"Le-Teil";8449;8449
"07324";"200073096";"Tournon-sur-Rhône";10326;10326
"07330";"200039808";"Vallon-Pont-d-Arc";2342;2342
"07334";"200039832";"Les-Vans";2672;2672
"07341";"240700815";"Villeneuve-de-Berg";2967;2967
"08081";"200067759";"Bogny-sur-Meuse";5240;5240
"08090";"240800847";"Carignan";2931;2931
"08105";"200041630";"Charleville-Mézières";47847;47847
"08190";"240800821";"Givet";6699;6699
"08362";"200043156";"Rethel";7764;7764
"08419";"240800862";"Signy-l-Abbaye";1364;1364
"08420";"200041622";"Signy-le-Petit";1271;1271
"08490";"240800920";"Vouziers";4383;4383
"09032";"200066363";"Ax-les-Thermes";1231;1231
"09122";"200067791";"Foix";9706;9706
"09160";"240900464";"Lavelanet";6205;6205
"09167";"200066223";"Lézat-sur-Lèze";2329;2329
"09194";"200044469";"Mirepoix";3162;3162
"09225";"200066231";"Pamiers";15317;15317
"09261";"200067940";"Saint-Girons";6324;6324
"09306";"240900431";"Tarascon-sur-Ariège";3231;3231
"10003";"241000447";"Aix-Villemaur-Pâlis";3583;3583
"10006";"200071777";"Arcis-sur-Aube";2822;2822
"10033";"241000405";"Bar-sur-Aube";4978;4978
"10034";"200069003";"Bar-sur-Seine";3054;3054
"10064";"200040137";"Brienne-le-Château";2907;2907
"10140";"200071041";"Ervy-le-Châtel";1217;1217
"10224";"241000488";"Marigny-le-Châtel";1725;1725
"10233";"200070126";"Méry-sur-Seine";1499;1499
"10268";"200006716";"Nogent-sur-Seine";5965;5965
"10287";"241000223";"Piney";1541;1541
"10323";"200000545";"Romilly-sur-Seine";14493;14493
"10387";"200069250";"Troyes";60928;60928
"10401";"200066892";"Vendeuvre-sur-Barse";2352;2352
"11049";"200035707";"Bram";3254;3254
"11304";"200043776";"Quillan";3336;3336
"11069";"200035715";"Carcassonne";45996;45996
"11076";"200035855";"Castelnaudary";10969;10969
"11203";"200035863";"Lézignan-Corbières";11285;11285
"11206";"200071926";"Limoux";10214;10214
"11262";"241100593";"Narbonne";53462;53462
"11367";"200042463";"Saissac";927;927
"12223";"200067171";"Argences-en-Aubrac";1682;1682
"12025";"200067163";"Belmont-sur-Rance";1005;1005
"12270";"200068484";"Sévérac-d-Aveyron";4116;4116
"12056";"200068831";"Baraqueville";3141;3141
"12063";"241200906";"La-Cavalerie";1076;1076
"12089";"200067064";"Decazeville";5521;5521
"12096";"200067478";"Espalion";4545;4545
"12102";"241200658";"Flavin";2308;2308
"12145";"241200567";"Millau";22234;22234
"12148";"241200674";"Montbazens";1401;1401
"12197";"241200542";"Réquista";2005;2005
"12198";"241200807";"Rieupeyroux";1990;1990
"12199";"241200625";"Rignac";1921;1921
"12202";"241200187";"Rodez";23949;23949
"12208";"200067155";"Saint-Affrique";8236;8236
"12244";"241200914";"Saint-Rome-de-Tarn";872;872
"12253";"241200765";"Salles-Curan";1057;1057
"12254";"241200641";"Salles-la-Source";2196;2196
"12300";"200069383";"Villefranche-de-Rouergue";11892;11892
"13004";"241300417";"Arles";52886;52886
"13027";"200035087";"Châteaurenard";15624;15624
"13055";"200054807";"Marseille";861635;861635
"13100";"241300375";"Saint-Rémy-de-Provence";9775;9775
"14020";"200065589";"Argences";3691;3691
"14027";"200069524";"Les-Monts-d-Aunay";4740;4740
"14047";"241400555";"Bayeux";13656;13656
"14118";"200065597";"Caen";106260;106260
"14342";"200066801";"Isigny-sur-Mer";3674;3674
"14689";"200066710";"Le-Hom";3680;3680
"14762";"200068799";"Vire-Normandie";17650;17650
"14200";"200069516";"Creully-sur-Seulles";2368;2368
"14225";"200065563";"Dives-sur-Mer";5733;5733
"14228";"241400860";"Douvres-la-Délivrande";5190;5190
"14258";"241400514";"Falaise";8245;8245
"14333";"200066827";"Honfleur";7454;7454
"14366";"200069532";"Lisieux";20771;20771
"14514";"241400878";"Pont-l-Evêque";4498;4498
"14623";"200066728";"Saint-Martin-de-Fontenay";2594;2594
"14715";"241400415";"Trouville-sur-Mer";4675;4675
"15014";"241500230";"Aurillac";25875;25875
"15138";"200066637";"Murat";1951;1951
"15120";"241500271";"Mauriac";3671;3671
"15122";"200066678";"Maurs";2170;2170
"15153";"241501139";"Pleaux";1517;1517
"15162";"241500255";"Riom-ès-Montagnes";2591;2591
"15187";"200066660";"Saint-Flour";6630;6630
"15258";"241501089";"Vic-sur-Cère";1874;1874
"15265";"241501055";"Ydes";1777;1777
"16230";"200070282";"Montmoreau";2591;2591
"16015";"200071827";"Angoulême";42081;42081
"16028";"200029734";"Barbezieux-Saint-Hilaire";4687;4687
"16085";"200072049";"Chasseneuil-sur-Bonnieure";3036;3036
"16102";"200070514";"Cognac";18654;18654
"16286";"241600303";"Rouillac";2321;2321
"16281";"200068914";"La-Rochefoucauld";2954;2954
"16292";"200043016";"Ruffec";3477;3477
"16393";"200072023";"Vars";2048;2048
"17172";"241700632";"Gémozac";2831;2831
"17218";"200041499";"Marans";4553;4553
"17219";"241700699";"Marennes";5662;5662
"17283";"200041523";"Pons";4121;4121
"17299";"200041762";"Rochefort";24045;24045
"17300";"241700434";"La-Rochelle";75404;75404
"17306";"241700640";"Royan";18393;18393
"17347";"200041689";"Saint-Jean-d-Angély";7106;7106
"17360";"241700459";"Sainte-Marie-de-Ré";3379;3379
"17385";"241700624";"Saint-Pierre-d-Oléron";6751;6751
"17387";"241700517";"Saint-Porchaire";1849;1849
"17415";"200036473";"Saintes";25288;25288
"17434";"200041614";"Surgères";6750;6750
"18015";"200000933";"Aubigny-sur-Nère";5539;5539
"18018";"241800374";"Avord";2616;2616
"18033";"241800507";"Bourges";66071;66071
"18057";"200049484";"Châteaumeillant";1933;1933
"18058";"200027076";"Châteauneuf-sur-Cher";1462;1462
"18087";"241800424";"Dun-sur-Auron";3971;3971
"18108";"200011781";"La-Guerche-sur-l-Aubois";3322;3322
"18110";"200032514";"Herry";1013;1013
"18141";"200070571";"Mehun-sur-Yèvre";6644;6644
"18160";"200007177";"Nérondes";1526;1526
"18197";"200036135";"Saint-Amand-Montrond";9919;9919
"18207";"241800457";"Saint-Florent-sur-Cher";6671;6671
"18223";"200066330";"Saint-Martin-d-Auxigny";2340;2340
"18233";"200069227";"Saint-Satur";1460;1460
"18242";"241800432";"Sancoins";3107;3107
"18279";"200033207";"Vierzon";26919;26919
"18281";"241800325";"Vignoux-sur-Barangeon";2141;2141
"19010";"200066751";"Argentat-sur-Dordogne";3084;3084
"19031";"200043172";"Brive-la-Gaillarde";47349;47349
"19036";"200066645";"Chamberet";1361;1361
"19073";"241900133";"Egletons";4274;4274
"19121";"200066603";"Lubersac";2226;2226
"19138";"200066769";"Meyssac";1294;1294
"19272";"241927201";"Tulle";14390;14390
"19275";"200066744";"Ussel";9783;9783
"19276";"241927243";"Uzerche";2889;2889
"21021";"200069540";"Arc-sur-Tille";2617;2617
"21023";"200071173";"Arnay-le-Duc";1482;1482
"21038";"200070902";"Auxonne";7743;7743
"21054";"200006682";"Beaune";21661;21661
"21103";"242101509";"Brazey-en-Plaine";2415;2415
"21154";"242101434";"Châtillon-sur-Seine";5385;5385
"21231";"242100410";"Dijon";155114;155114
"21292";"200000925";"Genlis";5342;5342
"21317";"242100154";"Is-sur-Tille";4424;4424
"21408";"200039063";"Messigny-et-Vantoux";1628;1628
"21416";"200072825";"Mirebeau-sur-Bèze";2093;2093
"21425";"242101491";"Montbard";5331;5331
"21464";"200070894";"Nuits-Saint-Georges";5552;5552
"21501";"200071207";"Pouilly-en-Auxois";1457;1457
"21584";"242101442";"Saulieu";2473;2473
"21599";"200070910";"Selongey";2424;2424
"21603";"200071017";"Semur-en-Auxois";4124;4124
"21661";"200039055";"Velars-sur-Ouche";1688;1688
"21663";"242101459";"Venarey-les-Laumes";2901;2901
"22050";"200068989";"Dinan";14075;14075
"22093";"200069391";"Lamballe";13465;13465
"22113";"200065928";"Lannion";19827;19827
"22136";"200067460";"Loudéac";9615;9615
"22162";"200067981";"Paimpol";7199;7199
"22222";"200069086";"Plouha";4476;4476
"22266";"242200715";"Rostrenen";3101;3101
"22278";"200069409";"Saint-Brieuc";45105;45105
"23008";"200044014";"Aubusson";3496;3496
"23013";"200067593";"Auzances";1263;1263
"23025";"200041556";"Bonnat";1307;1307
"23030";"200067189";"Bourganeuf";2732;2732
"23093";"200067544";"Gouzon";1583;1583
"23096";"200034825";"Guéret";13492;13492
"23176";"200067510";"La-Souterraine";5315;5315
"24253";"200041572";"Mareuil-en-Périgord";2451;2451
"24037";"200070647";"Bergerac";27419;27419
"24082";"200040830";"Carsac-Aillac";1592;1592
"24091";"200041440";"Cénac-et-Saint-Julien";1201;1201
"24164";"242401024";"Excideuil";1175;1175
"24167";"200040889";"Eymet";2662;2662
"24223";"200034833";"Lalinde";2848;2848
"24291";"200041168";"Montignac";2807;2807
"24294";"200040384";"Montpon-Ménestérol";5466;5466
"24299";"200069094";"Mussidan";2730;2730
"24311";"200071819";"Nontron";3121;3121
"24322";"200040392";"Périgueux";29829;29829
"24352";"200040400";"Ribérac";3932;3932
"24354";"242400935";"La-Roche-Chalais";2970;2970
"24370";"200034197";"Saint-Antoine-de-Breuilh";1932;1932
"24372";"200040095";"Saint-Astier";5530;5530
"24396";"200041051";"Saint-Cyprien";1596;1596
"24520";"200027217";"Sarlat-la-Canéda";9030;9030
"24547";"200041150";"Terrasson-Lavilledieu";6173;6173
"24551";"242400752";"Thiviers";2893;2893
"25047";"242504447";"Baume-les-Dames";5241;5241
"25056";"242500361";"Besançon";116676;116676
"25434";"200068070";"Ornans";4357;4357
"25259";"242504496";"Frasne";1965;1965
"25271";"242500320";"Gilley";1615;1615
"25315";"200068294";"L-Isle-sur-le-Doubs";3078;3078
"25318";"200069565";"Jougne";1792;1792
"25334";"242504488";"Levier";2161;2161
"25356";"200023075";"Maîche";4273;4273
"25388";"200065647";"Montbéliard";25336;25336
"25411";"242504116";"Morteau";6849;6849
"25462";"242500338";"Pontarlier";17140;17140
"25512";"242504355";"Le-Russey";2282;2282
"25529";"242504371";"Sancey";1304;1304
"25578";"242504181";"Valdahon";5474;5474
"26108";"200040509";"Crest";8270;8270
"26113";"242600534";"Die";4576;4576
"26114";"242600492";"Dieulefit";3093;3093
"26165";"242600252";"Livron-sur-Drôme";8910;8910
"26198";"200040459";"Montélimar";38397;38397
"26220";"200068229";"Nyons";6690;6690
"26235";"200042901";"Pierrelatte";13105;13105
"26307";"200067767";"Saint-Jean-en-Royans";2967;2967
"26325";"200040491";"Saint-Rambert-d-Albon";6313;6313
"26362";"200068781";"Valence";62479;62479
"27056";"200066413";"Bernay";10432;10432
"27105";"200066405";"Grand-Bourgtheroulde";3710;3710
"27165";"242700276";"Conches-en-Ouche";5054;5054
"27229";"200071454";"Evreux";49426;49426
"27679";"200066462";"Verneuil-d-Avre-et-d-Iton";8173;8173
"27275";"242700623";"Gaillon";7027;7027
"27284";"200071843";"Gisors";11867;11867
"27375";"200035665";"Louviers";18410;18410
"27428";"242700607";"Le-Neubourg";4099;4099
"27467";"200065787";"Pont-Audemer";10673;10673
"27493";"200070142";"Romilly-sur-Andelle";3229;3229
"27629";"200066017";"Thiberville";1827;1827
"27681";"200072312";"Vernon";23797;23797
"28015";"200069953";"Auneau-Bleury-Saint-Symphorien";5699;5699
"28051";"242852465";"Bonneval";4986;4986
"28085";"200033181";"Chartres";38875;38875
"28088";"200069961";"Châteaudun";12980;12980
"28134";"200040277";"Dreux";30836;30836
"28196";"200058360";"Illiers-Combray";3333;3333
"28214";"200070167";"La-Loupe";3471;3471
"28422";"200070159";"Les-Villages-Vovéens";4015;4015
"28280";"200006971";"Nogent-le-Rotrou";9956;9956
"28373";"200069912";"Senonches";3092;3092
"29019";"242900314";"Brest";139163;139163
"29024";"242900744";"Carhaix-Plouguer";7305;7305
"29026";"200067247";"Châteaulin";5227;5227
"29027";"242900561";"Châteauneuf-du-Faou";3690;3690
"29039";"242900769";"Concarneau";19182;19182
"29042";"200066868";"Crozon";7601;7601
"29046";"242900645";"Douarnenez";14208;14208
"29058";"242900660";"Fouesnant";9569;9569
"29081";"200067197";"Huelgoat";1530;1530
"29103";"242900801";"Landerneau";15746;15746
"29105";"242900751";"Landivisiau";9079;9079
"29124";"242900793";"Lesneven";7290;7290
"29151";"242900835";"Morlaix";14830;14830
"29160";"242900553";"Plabennec";8326;8326
"29174";"242900710";"Plonéour-Lanvern";6079;6079
"29197";"242900629";"Plouhinec";4011;4011
"29220";"242900702";"Pont-l-Abbé";8206;8206
"29232";"200068120";"Quimper";63508;63508
"29233";"242900694";"Quimperlé";12018;12018
"29259";"200067072";"Saint-Pol-de-Léon";6584;6584
"29260";"242900074";"Saint-Renan";8101;8101
"2A004";"242010056";"Ajaccio";68462;68462
"2A032";"242000503";"Bastelicaccia";3873;3873
"2A065";"200067049";"Cargèse";1312;1312
"2A130";"200038958";"Grosseto-Prugna";2917;2917
"2A247";"200040764";"Porto-Vecchio";11826;11826
"2A249";"242010130";"Propriano";3806;3806
"2A362";"242000495";"Zonza";2675;2675
"2B009";"200015162";"Aléria";2249;2249
"2B033";"242000354";"Bastia";44355;44355
"2B042";"200036499";"Borgo";8505;8505
"2B043";"200042943";"Brando";1644;1644
"2B050";"242020105";"Calvi";5376;5376
"2B087";"200034205";"Cervione";1901;1901
"2B096";"242020071";"Corte";7331;7331
"2B123";"200033827";"Ghisonaccia";4128;4128
"2B134";"200073104";"L-Île-Rousse";3159;3159
"2B169";"200073138";"Morosaglia";1157;1157
"2B185";"200073120";"Oletta";1650;1650
"2B207";"200073252";"Penta-di-Casinca";3415;3415
"2B313";"200034205";"San-Nicolao";1901;1901
"30007";"200066918";"Alès";39535;39535
"30012";"243000684";"Aramon";4152;4152
"30028";"200034692";"Bagnols-sur-Cèze";18203;18203
"30032";"243000585";"Beaucaire";16094;16094
"30062";"243000296";"Calvisson";5455;5455
"30133";"243000650";"Le-Grau-du-Roi";8434;8434
"30140";"200034601";"Lasalle";1153;1153
"30189";"243000643";"Nîmes";150672;150672
"30227";"200035129";"Saint-Ambroix";3197;3197
"30263";"200034411";"Saint-Hippolyte-du-Fort";3937;3937
"30334";"200034379";"Uzès";8540;8540
"30341";"243000593";"Vauvert";11515;11515
"30344";"243000569";"Vergèze";5051;5051
"30350";"243000270";"Le-Vigan";3896;3896
"31033";"200068807";"Auterive";9417;9417
"31042";"200072635";"Bagnères-de-Luchon";2384;2384
"31107";"200066819";"Carbonne";5502;5502
"31118";"200034957";"Castelnau-d-Estrétefonds";6145;6145
"31135";"200068815";"Cazères";4865;4865
"31232";"200071314";"Grenade";8685;8685
"31395";"200068641";"Muret";25264;25264
"31410";"243100815";"Pechbonnieu";4416;4416
"31424";"243100781";"Plaisance-du-Touch";17896;17896
"31446";"243100633";"Ramonville-Saint-Agne";13829;13829
"31451";"243100567";"Revel";9546;9546
"31483";"200072643";"Saint-Gaudens";11327;11327
"31523";"200073146";"Salies-du-Salat";1816;1816
"31555";"243100518";"Toulouse";471941;471941
"31573";"243100732";"Verfeil";3502;3502
"31582";"200071298";"Villefranche-de-Lauragais";4345;4345
"31584";"243100773";"Villemur-sur-Tarn";5873;5873
"32013";"200066926";"Auch";21943;21943
"32107";"243200417";"Condom";6695;6695
"32119";"243200458";"Eauze";3869;3869
"32132";"243200391";"Fleurance";6181;6181
"32147";"200042372";"Gimont";2973;2973
"32160";"200023620";"L-Isle-Jourdain";8568;8568
"32242";"200072320";"Masseube";1518;1518
"32249";"200034726";"Mauvezin";2149;2149
"32256";"243200425";"Mirande";3483;3483
"32296";"243200409";"Nogaro";1980;1980
"32319";"243200508";"Plaisance";1487;1487
"32344";"200035632";"Riscle";1719;1719
"32410";"243200599";"Samatan";2377;2377
"32462";"243200607";"Vic-Fezensac";3488;3488
"32464";"200035756";"Villecomtal-sur-Arros";838;838
"33005";"243301504";"Andernos-les-Bains";11687;11687
"33036";"200043982";"Bazas";4734;4734
"33058";"200023794";"Blaye";4813;4813
"33063";"243300316";"Bordeaux";249712;249712
"33104";"243301389";"Castelnau-de-Médoc";4560;4560
"33108";"243301454";"Castillon-la-Bataille";3070;3070
"33122";"243301165";"Cestas";16573;16573
"33140";"243301215";"Créon";4579;4579
"33179";"243301397";"Galgon";3035;3035
"33214";"200070720";"Lacanau";4577;4577
"33227";"200043974";"Langon";7389;7389
"33234";"243301439";"Latresne";3388;3388
"33238";"243301264";"Léognan";10015;10015
"33240";"200069995";"Lesparre-Médoc";5699;5699
"33243";"200070092";"Libourne";24866;24866
"33322";"243301447";"Le-Pian-Médoc";6442;6442
"33324";"243301371";"Pineuilh";4323;4323
"33327";"200069581";"Podensac";3168;3168
"33352";"200044394";"La-Réole";4173;4173
"33366";"243301223";"Saint-André-de-Cubzac";10791;10791
"33389";"243300811";"Saint-Ciers-sur-Gironde";3039;3039
"33433";"243301249";"Saint-Loubès";9066;9066
"33473";"243301181";"Saint-Savin";3179;3179
"33485";"200035533";"Sainte-Terre";1899;1899
"33498";"243301405";"Salles";6785;6785
"33523";"200069599";"Targon";2047;2047
"33529";"243300563";"La-Teste-de-Buch";26110;26110
"33535";"243301355";"Tresses";4503;4503
"34003";"243400819";"Agde";26946;26946
"34028";"200042646";"Bédarieux";5966;5966
"34032";"243400769";"Béziers";75999;75999
"34052";"200042653";"Capestang";3133;3133
"34069";"243400488";"Cazouls-lès-Béziers";4918;4918
"34079";"243400355";"Clermont-l-Hérault";8667;8667
"34111";"243400736";"Ganges";3950;3950
"34114";"243400694";"Gignac";5943;5943
"34142";"200017341";"Lodève";7409;7409
"34145";"243400520";"Lunel";25178;25178
"34147";"200071058";"Magalas";3318;3318
"34154";"243400470";"Mauguio";17219;17219
"34172";"243400017";"Montpellier";277639;277639
"34255";"200022986";"Saint-Gély-du-Fesc";9826;9826
"34284";"200066348";"Saint-Pons-de-Thomières";1892;1892
"34301";"200066355";"Sète";43620;43620
"35012";"200070662";"Bain-de-Bretagne";7335;7335
"35037";"243500618";"Bréal-sous-Montfort";5815;5815
"35069";"243500659";"Châteaugiron";9561;9561
"35085";"243500733";"Combourg";5862;5862
"35093";"243500725";"Dinard";9936;9936
"35095";"200070670";"Dol-de-Bretagne";5646;5646
"35115";"200072452";"Fougères";20235;20235
"35126";"200043990";"Guichen";8231;8231
"35136";"243500634";"Janzé";8268;8268
"35152";"243500774";"Liffré";7370;7370
"35173";"243500667";"Melesse";6116;6116
"35184";"200038990";"Montauban-de-Bretagne";5095;5095
"35188";"243500550";"Montfort-sur-Meu";6556;6556
"35236";"243500741";"Redon";8914;8914
"35238";"243500139";"Rennes";215366;215366
"35257";"200070688";"Maen-Roch";4719;4719
"35288";"243500782";"Saint-Malo";45719;45719
"35360";"200039022";"Vitré";17798;17798
"36001";"200007052";"Aigurande";1458;1458
"36006";"200068872";"Argenton-sur-Creuse";4954;4954
"36018";"243600319";"Le-Blanc";6572;6572
"36031";"243600301";"Buzançais";4473;4473
"36034";"243600202";"Chabris";2737;2737
"36035";"200035137";"Chaillac";1076;1076
"36044";"243600327";"Châteauroux";43732;43732
"36045";"200035848";"Châtillon-sur-Indre";2681;2681
"36046";"243600350";"La-Châtre";4255;4255
"36088";"243600236";"Issoudun";12029;12029
"36093";"243600293";"Levroux";2928;2928
"36123";"243600343";"Mézières-en-Brenne";1042;1042
"36141";"200018521";"Neuvy-Saint-Sépulchre";1660;1660
"36228";"200040558";"Valençay";2453;2453
"36230";"200068880";"Vatan";2048;2048
"37003";"200043065";"Amboise";13119;13119
"37027";"243700820";"Bléré";5312;5312
"37063";"243700499";"Château-Renault";5036;5036
"37072";"200043081";"Chinon";8101;8101
"37123";"200072981";"Langeais";4593;4593
"37132";"200071587";"Loches";6299;6299
"37156";"200073161";"Montlouis-sur-Loire";10609;10609
"37159";"200072650";"Monts";7704;7704
"37226";"200072668";"Sainte-Maure-de-Touraine";4351;4351
"37245";"200073237";"Semblançay";2144;2144
"37261";"243700754";"Tours";136252;136252
"38022";"200068542";"Les-Avenières-Veyrins-Thuellin";7675;7675
"38034";"243800844";"Beaurepaire";4891;4891
"38052";"243800745";"Le-Bourg-d-Oisans";3239;3239
"38053";"243800604";"Bourgoin-Jallieu";27502;27502
"38085";"243800935";"Charvieu-Chavagneux";8879;8879
"38130";"200059392";"La-Côte-Saint-André";4745;4745
"38140";"200018166";"Crolles";8345;8345
"38185";"200040715";"Grenoble";160649;160649
"38189";"243801255";"Heyrieux";4650;4650
"38242";"200030658";"Monestier-de-Clermont";1426;1426
"38269";"200040657";"La-Mure";4992;4992
"38332";"243801073";"Renage";3557;3557
"38344";"243800778";"Roussillon";8272;8272
"38412";"200040111";"Saint-Laurent-du-Pont";4543;4543
"38416";"200070431";"Saint-Marcellin";8133;8133
"38509";"200068567";"La-Tour-du-Pin";7970;7970
"38544";"200077014";"Vienne";29162;29162
"38548";"243801024";"Villard-de-Lans";4175;4175
"38563";"243800984";"Voiron";20529;20529
"39016";"200012060";"Arinthod";1164;1164
"39056";"200069615";"Bletterans";1436;1436
"39097";"200069623";"Champagnole";7916;7916
"39128";"243901089";"Chaussin";1705;1705
"39154";"243900719";"Clairvaux-les-Lacs";1438;1438
"39198";"200010650";"Dole";23373;23373
"39235";"243900560";"Fraisans";1237;1237
"39368";"243900479";"Hauts-de-Bienne";5391;5391
"39300";"200071116";"Lons-le-Saunier";17459;17459
"39333";"243900412";"Moirans-en-Montagne";2088;2088
"39365";"243900420";"Mont-sous-Vaudrey";1241;1241
"39397";"243901071";"Orgelet";1569;1569
"39434";"200071595";"Poligny";4104;4104
"39470";"243900354";"Les-Rousses";3410;3410
"39475";"200072056";"Saint-Amour";2366;2366
"39478";"200026573";"Saint-Claude";9732;9732
"39487";"243900610";"Saint-Laurent-en-Grandvaux";1831;1831
"40001";"200030435";"Aire-sur-l-Adour";6099;6099
"40002";"244000881";"Amou";1543;1543
"40046";"244000873";"Biscarrosse";14336;14336
"40065";"244000865";"Capbreton";8776;8776
"40075";"244000857";"Castets";2120;2120
"40088";"244000675";"Dax";20683;20683
"40117";"244000824";"Grenade-sur-l-Adour";2549;2549
"40126";"200069631";"Hinx";1872;1872
"40134";"200069656";"Labouheyre";2720;2720
"40184";"244000543";"Mimizan";6927;6927
"40192";"244000808";"Mont-de-Marsan";30629;30629
"40197";"244000691";"Morcenx";4415;4415
"40224";"200069417";"Peyrehorade";3616;3616
"40245";"200035541";"Roquefort";1879;1879
"40282";"200069649";"Saint-Sever";4884;4884
"40312";"244000659";"Tarnos";12387;12387
"40313";"244000766";"Tartas";3236;3236
"40331";"244000774";"Villeneuve-de-Marsan";2430;2430
"41018";"200030385";"Blois";45710;45710
"41095";"200040772";"Fréteval";1119;1119
"41106";"200000800";"Lamotte-Beuvron";4750;4750
"41136";"200055481";"Mer";6202;6202
"41143";"244100293";"Mondoubleau";1403;1403
"41194";"200018406";"Romorantin-Lanthenay";17748;17748
"41220";"244100798";"Saint-Laurent-Nouan";4324;4324
"41231";"244100780";"Saint-Viâtre";1236;1236
"41232";"244100806";"Salbris";5356;5356
"41242";"200072064";"Selles-sur-Cher";4625;4625
"41269";"200072072";"Vendôme";16716;16716
"42023";"244200622";"Bourg-Argental";2902;2902
"42052";"200035202";"Charlieu";3694;3694
"42147";"200065886";"Montbrison";15526;15526
"42168";"244200895";"Pélussin";3757;3757
"42187";"200035731";"Roanne";34831;34831
"42218";"244200770";"Saint-Etienne";171057;171057
"42230";"244200614";"Saint-Germain-Laval";1648;1648
"42248";"244200820";"Saint-Just-en-Chevalet";1148;1148
"42289";"244200630";"Saint-Symphorien-de-Lay";1897;1897
"42323";"200065894";"Veauche";8852;8852
"43012";"244301131";"Aurec-sur-Loire";6102;6102
"43040";"244301032";"Brioude";6743;6743
"43087";"244300307";"Dunières";2856;2856
"43111";"244301123";"Landos";898;898
"43112";"200073393";"Langeac";3754;3754
"43113";"200073401";"Lantriac";1935;1935
"43137";"200073427";"Monistrol-sur-Loire";8793;8793
"43157";"200073419";"Le-Puy-en-Velay";18909;18909
"43185";"244301099";"Sainte-Florine";3066;3066
"43244";"244301107";"Tence";3106;3106
"43268";"244301016";"Yssingeaux";7122;7122
"44003";"244400552";"Ancenis";7510;7510
"44015";"244400453";"Blain";9638;9638
"44036";"200072726";"Châteaubriant";12067;12067
"44043";"200067635";"Clisson";6883;6883
"44069";"244400610";"Guérande";16294;16294
"44087";"200071546";"Machecoul-Saint-Même";7341;7341
"44109";"244400404";"Nantes";303382;303382
"44113";"244400537";"Nozay";4087;4087
"44129";"200000438";"Pontchâteau";10604;10604
"44131";"200067346";"Pornic";14902;14902
"44154";"244400586";"Saint-Brevin-les-Pins";13492;13492
"44184";"244400644";"Saint-Nazaire";69784;69784
"44188";"244400438";"Saint-Philbert-de-Grand-Lieu";8767;8767
"44195";"200072734";"Savenay";8319;8319
"44209";"244400503";"Treillières";8734;8734
"44212";"200067866";"Vallet";8838;8838
"45025";"244500542";"Bazoches-les-Gallerandes";1519;1519
"45028";"200070183";"Beaugency";7475;7475
"45053";"200068278";"Briare";5559;5559
"45191";"200071850";"Le-Malesherbois";8096;8096
"45082";"244500427";"Châteauneuf-sur-Loire";8035;8035
"45093";"200035764";"Chevilly";2713;2713
"45115";"200067668";"Courtenay";4029;4029
"45145";"244500419";"Ferrières-en-Gâtinais";3646;3646
"45146";"200005932";"La-Ferté-Saint-Aubin";7367;7367
"45155";"244500211";"Gien";14559;14559
"45187";"200067676";"Lorris";2910;2910
"45208";"244500203";"Montargis";14254;14254
"45224";"244500484";"Neuville-aux-Bois";4469;4469
"45234";"244500468";"Orléans";114644;114644
"45252";"200066280";"Pithiviers";9100;9100
"45315";"200070100";"Sully-sur-Loire";5386;5386
"46138";"244600573";"Coeur-de-Causse";953;953
"46042";"200023737";"Cahors";19340;19340
"46063";"200039519";"Castelnau-Montratier-Sainte-Alauzie";1926;1926
"46102";"200067361";"Figeac";9826;9826
"46127";"244600482";"Gourdon";4321;4321
"46128";"200066371";"Gramat";3649;3649
"46148";"244600532";"Lalbenque";1672;1672
"46225";"244600433";"Prayssac";2452;2452
"46297";"200035327";"Salviac";1217;1217
"47001";"200035459";"Agen";33988;33988
"47004";"200068922";"Aiguillon";4346;4346
"47052";"244701355";"Casteljaloux";4659;4659
"47054";"244701405";"Castelmoron-sur-Lot";1728;1728
"47086";"244700449";"Duras";1315;1315
"47106";"200068930";"Fumel";4886;4886
"47157";"200030674";"Marmande";17949;17949
"47168";"244700464";"Miramont-de-Guyenne";3182;3182
"47175";"200036523";"Monflanquin";2315;2315
"47195";"200068948";"Nérac";6969;6969
"47217";"200036572";"Puymirol";938;938
"47323";"200023307";"Villeneuve-sur-Lot";22686;22686
"48009";"200069144";"Peyre-en-Aubrac";2348;2348
"48027";"200069128";"Mont-Lozère-et-Goulet";1043;1043
"48034";"200069268";"La-Canourgue";2090;2090
"48042";"200069102";"Chastel-Nouvel";834;834
"48051";"200069136";"Le-Collet-de-Dèze";765;765
"48061";"200069151";"Florac-Trois-Rivières";2088;2088
"48080";"200006930";"Langogne";2894;2894
"48092";"244800470";"Marvejols";4841;4841
"48095";"244800405";"Mende";11641;11641
"48140";"200069185";"Saint-Chély-d-Apcher";4156;4156
"49050";"200071553";"Brissac-Loire-Aubance";10778;10778
"49007";"244900015";"Angers";151520;151520
"49331";"244900809";"Segré-en-Anjou-Bleu";17603;17603
"49018";"244900882";"Baugé-en-Anjou";11862;11862
"49367";"200071868";"Erdre-en-Anjou";5715;5715
"49099";"200071678";"Cholet";53800;53800
"49301";"200060010";"Sèvremoine";25572;25572
"49328";"200071876";"Saumur";27486;27486
"49347";"200068955";"Tiercé";4323;4323
"50099";"200042729";"Carentan-les-Marais";7920;7920
"50025";"200069425";"Avranches";7766;7766
"50236";"200067031";"La-Haye";4014;4014
"50129";"200067205";"Cherbourg-en-Cotentin";80616;80616
"50147";"200067023";"Coutances";8688;8688
"50218";"200042604";"Granville";13175;13175
"50639";"200043354";"Villedieu-les-Poêles-Rouffigny";3905;3905
"50502";"200066389";"Saint-Lô";19301;19301
"51030";"245100615";"Aÿ-Champagne";5765;5765
"51108";"200066876";"Châlons-en-Champagne";45268;45268
"51193";"200043438";"Courtisols";2453;2453
"51217";"200066850";"Dormans";2929;2929
"51230";"200067684";"Epernay";23169;23169
"51248";"245100979";"Fère-Champenoise";2189;2189
"51380";"245100888";"Montmirail";3643;3643
"51454";"200067213";"Reims";184076;184076
"51507";"200042703";"Sainte-Menehould";4164;4164
"51531";"200067379";"Sermaize-les-Bains";1968;1968
"51535";"200066835";"Sézanne";4996;4996
"51559";"200042620";"Suippes";3951;3951
"51567";"200042992";"Thiéblemont-Farémont";557;557
"51649";"200034718";"Vitry-le-François";12805;12805
"52008";"200069664";"Andelot-Blancheville";879;879
"52093";"200070332";"Chalindrey";2437;2437
"52114";"245200597";"Châteauvillain";1607;1607
"52121";"200068658";"Chaumont";22333;22333
"52250";"200044253";"Joinville";3286;3286
"52269";"200072999";"Langres";7786;7786
"52405";"200027308";"Le-Montsaugeonnais";1264;1264
"52448";"200068666";"Saint-Dizier";25182;25182
"53003";"245300389";"Ambrières-les-Vallées";2798;2798
"53062";"245300447";"Château-Gontier";11745;11745
"53084";"200048551";"Craon";4509;4509
"53096";"245300355";"Ernée";5757;5757
"53097";"200033298";"Evron";7280;7280
"53130";"245300330";"Laval";49848;49848
"53137";"245300306";"Loiron-Ruillé";2582;2582
"53147";"200055887";"Mayenne";13016;13016
"53152";"245300223";"Meslay-du-Maine";2882;2882
"53271";"200042182";"Villaines-la-Juhel";2903;2903
"54076";"200067643";"Blainville-sur-l-Eau";3955;3955
"54089";"200070589";"Bouxières-aux-Chênes";1424;1424
"54115";"245400601";"Champigneulles";6808;6808
"54129";"200069433";"Cirey-sur-Vezouze";1679;1679
"54135";"245400510";"Colombey-les-Belles";1449;1449
"54159";"245400189";"Dombasle-sur-Meurthe";9828;9828
"54176";"245400759";"Einville-au-Jard";1218;1218
"54273";"200070845";"Jarny";8307;8307
"54322";"200043693";"Longuyon";5397;5397
"54323";"245400262";"Longwy";14437;14437
"54329";"200070324";"Lunéville";19020;19020
"54395";"245400676";"Nancy";105162;105162
"54397";"245400171";"Neuves-Maisons";6912;6912
"54431";"200041515";"Pont-à-Mousson";14901;14901
"54528";"200070563";"Toul";16021;16021
"54563";"200035772";"Vézelise";1433;1433
"54580";"245701404";"Villerupt";9552;9552
"55010";"200066108";"Ancerville";2770;2770
"55029";"200033025";"Bar-le-Duc";15548;15548
"55063";"200070290";"Bouligny";2616;2616
"55117";"200066116";"Clermont-en-Argonne";1503;1503
"55122";"200066157";"Commercy";5826;5826
"55123";"200066140";"Les-Hauts-de-Chée";751;751
"55154";"200066165";"Dieue-sur-Meuse";1406;1406
"55181";"245501242";"Etain";3609;3609
"55198";"245501176";"Fresnes-en-Woëvre";696;696
"55351";"245501259";"Montmédy";2199;2199
"55427";"245501184";"Revigny-sur-Ornain";2914;2914
"55463";"245500327";"Saint-Mihiel";4186;4186
"55500";"200066173";"Spincourt";840;840
"55502";"200066132";"Stenay";2745;2745
"55545";"200049187";"Verdun";18139;18139
"55551";"200034874";"Vigneulles-lès-Hattonchâtel";1572;1572
"56007";"200043123";"Auray";13746;13746
"56010";"200067221";"Baud";6230;6230
"56066";"245614417";"Gourin";3972;3972
"56075";"200066785";"Guer";6299;6299
"56094";"245600440";"Kervignac";6559;6559
"56121";"200042174";"Lorient";57567;57567
"56143";"200027027";"Muzillac";4988;4988
"56152";"245600465";"Le-Palais";2579;2579
"56165";"200066777";"Ploërmel";9571;9571
"56178";"245614433";"Pontivy";14117;14117
"56184";"245614383";"Questembert";7440;7440
"56260";"200067932";"Vannes";53200;53200
"57019";"245701271";"Amnéville";10657;10657
"57089";"200069441";"Bitche";5228;5228
"57097";"200067650";"Boulay-Moselle";5621;5621
"57106";"200067486";"Bouzonville";3993;3993
"57153";"200070738";"Corny-sur-Moselle";2234;2234
"57155";"200067957";"Courcelles-Chaussy";3104;3104
"57160";"245701164";"Creutzwald";13255;13255
"57177";"245701206";"Dieuze";3093;3093
"57209";"245700133";"Faulquemont";5397;5397
"57227";"245700372";"Forbach";21639;21639
"57240";"245700398";"Freyming-Merlebach";13059;13059
"57269";"245701354";"Guénange";7172;7172
"57306";"245701222";"Hayange";15658;15658
"57323";"245700695";"Hettange-Grande";7618;7618
"57433";"200039949";"Maizières-lès-Metz";11200;11200
"57463";"200039865";"Metz";117492;117492
"57540";"245700950";"Phalsbourg";4729;4729
"57572";"200039907";"Rémilly";2102;2102
"57606";"200067502";"Saint-Avold";15748;15748
"57630";"200068146";"Sarrebourg";12259;12259
"57631";"200070746";"Sarreguemines";21236;21236
"57672";"245701362";"Thionville";40665;40665
"58059";"200068088";"La-Charité-sur-Loire";4966;4966
"58062";"200067890";"Château-Chinon-(Ville)";2071;2071
"58079";"200067429";"Clamecy";3867;3867
"58083";"200067692";"Corbigny";1525;1525
"58086";"200067916";"Cosne-Cours-sur-Loire";10388;10388
"58095";"200067700";"Decize";5623;5623
"58149";"200067882";"Luzy";1981;1981
"58194";"245804406";"Nevers";34228;34228
"58232";"200067908";"Saint-Benin-d-Azy";1286;1286
"58238";"245801063";"Saint-Eloi";2139;2139
"58264";"245804497";"Saint-Pierre-le-Moûtier";1954;1954
"59011";"245901061";"Annoeullin";10407;10407
"59036";"200043263";"Avesnes-sur-Helpe";4663;4663
"59122";"200068500";"Cambrai";33004;33004
"59139";"200030633";"Caudry";14935;14935
"59172";"200042190";"Denain";19920;19920
"59178";"200044618";"Douai";39989;39989
"59183";"245900428";"Dunkerque";88876;88876
"59249";"200043404";"Fourmies";12364;12364
"59295";"200040947";"Hazebrouck";21709;21709
"59350";"245900410";"Lille";232741;232741
"59392";"200043396";"Maubeuge";30100;30100
"59400";"245900758";"Merville";9967;9967
"59449";"200041960";"Orchies";8472;8472
"59481";"200043321";"Le-Quesnoy";5007;5007
"59571";"245901038";"Solesmes";4437;4437
"59574";"245901152";"Somain";12696;12696
"59606";"245901160";"Valenciennes";44043;44043
"59663";"200040954";"Wormhout";5565;5565
"60057";"200067999";"Beauvais";54881;54881
"60104";"200068005";"Breteuil";4534;4534
"60139";"200067973";"Chambly";10034;10034
"60141";"246000764";"Chantilly";10849;10849
"60143";"246000707";"Chaumont-en-Vexin";3217;3217
"60157";"246000376";"Clermont";10548;10548
"60159";"200067965";"Compiègne";40200;40200
"60175";"200068047";"Creil";35575;35575
"60176";"246000871";"Crépy-en-Valois";15049;15049
"60188";"246000749";"Cuise-la-Motte";2147;2147
"60223";"246000897";"Estrées-Saint-Denis";3710;3710
"60286";"246000848";"Grandvilliers";2994;2994
"60360";"246000129";"Liancourt";7093;7093
"60395";"246000582";"Méru";14703;14703
"60471";"246000756";"Noyon";13883;13883
"60509";"246000921";"Pont-Sainte-Maxence";12601;12601
"60533";"246000855";"Ressons-sur-Matz";1704;1704
"60581";"246000566";"Saint-Just-en-Chaussée";5972;5972
"60612";"200066975";"Senlis";14777;14777
"60616";"246000913";"Sérifontaine";2812;2812
"60636";"246000772";"Thourotte";4584;4584
"61001";"246100663";"Alençon";26069;26069
"61006";"200068450";"Argentan";13769;13769
"61491";"200068856";"Tourouvre-au-Perche";3237;3237
"61096";"200068443";"Rives-d-Andaine";3068;3068
"61339";"246100390";"Putanges-le-Lac";2196;2196
"61116";"200068435";"Sablons-sur-Huisne";2150;2150
"61133";"200035103";"Courtomer";752;752
"61169";"200035814";"Flers";14852;14852
"61484";"200071504";"Val-au-Perche";3737;3737
"61214";"200068468";"L-Aigle";8053;8053
"61243";"200071652";"Magny-le-Désert";1433;1433
"61293";"200036069";"Mortagne-au-Perche";3929;3929
"61464";"200035111";"Sées";4209;4209
"61486";"200071520";"Tinchebray-Bocage";4999;4999
"61508";"200069458";"Vimoutiers";3436;3436
"62041";"200033579";"Arras";40721;40721
"62057";"246200844";"Audruicq";5380;5380
"62063";"200069482";"Avesnes-le-Comte";2000;2000
"62080";"200035442";"Bapaume";3956;3956
"62108";"200069029";"Berck";14509;14509
"62119";"200072460";"Béthune";24995;24995
"62160";"246200729";"Boulogne-sur-Mer";42366;42366
"62173";"200044048";"Brebières";4904;4904
"62193";"246201149";"Calais";75961;75961
"62268";"200018083";"Desvres";5031;5031
"62364";"200069235";"Fruges";2407;2407
"62397";"200072478";"Guînes";5683;5683
"62427";"246200299";"Hénin-Beaumont";26379;26379
"62447";"200044030";"Hesdin";2213;2213
"62510";"246200364";"Liévin";31237;31237
"62534";"246201016";"Lumbres";3743;3743
"62560";"246200380";"Marquise";5133;5133
"62765";"200069037";"Saint-Omer";14343;14343
"62767";"200069672";"Saint-Pol-sur-Ternoise";5029;5029
"63003";"200070761";"Ambert";6743;6743
"63040";"200067627";"Billom";4745;4745
"63047";"246300966";"La-Bourboule";1786;1786
"63113";"246300701";"Clermont-Ferrand";141398;141398
"63116";"200072098";"Combronde";2170;2170
"63178";"200070407";"Issoire";14564;14564
"63195";"246301097";"Lezoux";6000;6000
"63210";"200071199";"Maringues";3088;3088
"63225";"200071215";"Messeix";1066;1066
"63300";"200070753";"Riom";18987;18987
"63338";"200072080";"Saint-Eloy-les-Mines";3723;3723
"63397";"200069169";"Saint-Sauves-d-Auvergne";1123;1123
"63430";"200070712";"Thiers";11805;11805
"63457";"200069177";"Vic-le-Comte";5027;5027
"64062";"246400337";"Arudy";2206;2206
"64102";"200067106";"Bayonne";49207;49207
"64405";"200067296";"Morlaàs";4156;4156
"64417";"246401756";"Nay";3305;3305
"64422";"200067262";"Oloron-Sainte-Marie";10818;10818
"64430";"200039204";"Orthez";10672;10672
"64445";"200067254";"Pau";77215;77215
"64499";"200067288";"Salies-de-Béarn";4741;4741
"64519";"200067239";"Serres-Castet";4200;4200
"65025";"200070811";"Argelès-Gazost";2980;2980
"65059";"246500482";"Bagnères-de-Bigorre";7571;7571
"65258";"200070787";"Lannemezan";5893;5893
"65388";"246500573";"Saint-Lary-Soulan";854;854
"65389";"200070829";"Saint-Laurent-de-Neste";921;921
"65440";"200069300";"Tarbes";40593;40593
"65447";"200070803";"Tournay";1318;1318
"65452";"200070795";"Trie-sur-Baïse";1066;1066
"65460";"200072106";"Vic-en-Bigorre";5030;5030
"66003";"246600548";"Amélie-les-Bains-Palalda";3493;3493
"66008";"200043602";"Argelès-sur-Mer";10383;10383
"66049";"246600373";"Céret";7705;7705
"66088";"246600415";"Ille-sur-Têt";5466;5466
"66124";"246600464";"Font-Romeu-Odeillo-Via";1954;1954
"66130";"246600399";"Osséja";1328;1328
"66136";"200027183";"Perpignan";121934;121934
"66141";"200070365";"Pia";8741;8741
"66149";"200049211";"Prades";6040;6040
"66171";"246600282";"Saint-Cyprien";10412;10412
"66187";"246600423";"Saint-Paul-de-Fenouillet";1812;1812
"66210";"246600449";"Thuir";7401;7401
"67021";"200034270";"Barr";7246;7246
"67066";"246700306";"La-Broque";2704;2704
"67106";"200041325";"Drusenheim";5102;5102
"67130";"200067924";"Erstein";10969;10969
"67180";"200067874";"Haguenau";34846;34846
"67202";"246700959";"Hochfelden";3954;3954
"67205";"246700843";"Hoerdt";4337;4337
"67222";"200067783";"Ingwiller";4106;4106
"67281";"200030526";"Marckolsheim";4154;4154
"67300";"246701064";"Molsheim";9294;9294
"67339";"200040178";"Betschdorf";4113;4113
"67348";"246701080";"Obernai";10751;10751
"67495";"200034635";"Truchtersheim";4033;4033
"67388";"246701098";"Reichshoffen";5397;5397
"67411";"246700744";"Rosheim";5018;5018
"67434";"200067841";"Sarre-Union";2906;2906
"67437";"200068112";"Saverne";11238;11238
"67462";"246700967";"Sélestat";19252;19252
"67463";"200041283";"Seltz";3378;3378
"67482";"246700488";"Strasbourg";277270;277270
"67507";"246700777";"Villé";1845;1845
"67520";"200068864";"Wasselonne";5628;5628
"67544";"246700926";"Wissembourg";7662;7662
"67550";"200013050";"Woerth";1741;1741
"68004";"200066041";"Altkirch";5740;5740
"68036";"200066025";"Biesheim";2546;2546
"68063";"200036465";"Cernay";11608;11608
"68066";"246800726";"Colmar";70284;70284
"68068";"200066033";"Dannemarie";2252;2252
"68082";"246800445";"Ensisheim";7423;7423
"68112";"246800569";"Guebwiller";11319;11319
"68162";"246800551";"Kaysersberg-Vignoble";4677;4677
"68201";"246800676";"Masevaux-Niederbruck";3798;3798
"68224";"200066009";"Mulhouse";110370;110370
"68226";"246800585";"Munster";4603;4603
"68269";"246800577";"Ribeauvillé";4746;4746
"68287";"246800494";"Rouffach";4505;4505
"68292";"246800205";"Saint-Amarin";2294;2294
"68297";"200066058";"Saint-Louis";20401;20401
"68298";"246800395";"Sainte-Marie-aux-Mines";5136;5136
"69009";"200040574";"Anse";6925;6925
"69010";"246900625";"L-Arbresle";6360;6360
"69019";"200067817";"Belleville";8293;8293
"69027";"246900757";"Brignais";11327;11327
"69028";"246900724";"Brindas";5960;5960
"69123";"200046977";"Lyon";513275;513275
"69141";"246900740";"Mornant";5582;5582
"69227";"200066587";"Saint-Martin-en-Haut";3907;3907
"69243";"200040566";"Tarare";10639;10639
"69264";"200040590";"Villefranche-sur-Saône";36671;36671
"69277";"246900575";"Genas";12741;12741
"69291";"246900765";"Saint-Symphorien-d-Ozon";5678;5678
"70120";"247000821";"Champagney";3811;3811
"70122";"247000623";"Champlitte";1711;1711
"70197";"200041853";"Dampierre-sur-Linotte";804;804
"70245";"200041721";"Fougerolles";3670;3670
"70279";"200036549";"Gray";5484;5484
"70282";"247000698";"Gy";1089;1089
"70285";"247000722";"Héricourt";10131;10131
"70292";"200036150";"Jussey";1655;1655
"70310";"247000664";"Lure";8253;8253
"70311";"247000755";"Luxeuil-les-Bains";6821;6821
"70334";"200041887";"Marnay";1464;1464
"70339";"247000854";"Mélisey";1680;1680
"70421";"200041879";"Port-sur-Saône";3026;3026
"70447";"247000706";"Rioz";2202;2202
"70478";"200041861";"Saulx";908;908
"70482";"247000367";"Scey-sur-Saône-et-Saint-Albin";1550;1550
"70550";"247000011";"Vesoul";15058;15058
"70561";"247000714";"Villersexel";1445;1445
"71014";"200070530";"Autun";13635;13635
"71070";"247104094";"Buxy";2101;2101
"71076";"247100589";"Chalon-sur-Saône";45390;45390
"71120";"200070548";"Chauffailles";3725;3725
"71137";"200040293";"Cluny";4803;4803
"71153";"247100290";"Le-Creusot";21887;21887
"71230";"200070316";"Gueugnon";7184;7184
"71238";"247103864";"Iguerande";1003;1003
"71263";"200071579";"Louhans";6354;6354
"71270";"200070308";"Mâcon";33236;33236
"71275";"247100639";"Marcigny";1809;1809
"71289";"200071645";"Matour";1068;1068
"71336";"200071538";"Ouroux-sur-Saône";3081;3081
"71342";"200071884";"Paray-le-Monial";9201;9201
"71351";"247100647";"Pierre-de-Bresse";1954;1954
"71419";"200042414";"Saint-Germain-du-Bois";1925;1925
"71456";"200040038";"Saint-Martin-en-Bresse";1938;1938
"71512";"247103765";"Sennecey-le-Grand";3144;3144
"71543";"200069698";"Tournus";5663;5663
"72024";"200068963";"La-Bazoge";3672;3672
"72058";"247200421";"Changé";6446;6446
"72071";"200070373";"Montval-sur-Loir";6200;6200
"72176";"200073112";"Le-Lude";4428;4428
"72124";"247200447";"Ecommoy";4642;4642
"72132";"247200686";"La-Ferté-Bernard";8875;8875
"72138";"200072700";"Fresnay-sur-Sarthe";2025;2025
"72154";"247200348";"La-Flèche";15185;15185
"72180";"200072676";"Mamers";5304;5304
"72181";"247200132";"Le-Mans";143325;143325
"72223";"200040475";"Noyen-sur-Sarthe";2654;2654
"72264";"247200090";"Sablé-sur-Sarthe";12496;12496
"72269";"200072692";"Saint-Calais";3281;3281
"72329";"200072684";"Savigné-l-Evêque";4018;4018
"72334";"200072718";"Sillé-le-Guillaume";2318;2318
"72346";"247200629";"La-Suze-sur-Sarthe";4460;4460
"73003";"247300015";"Aigueblanche";3155;3155
"73006";"247300817";"Aime-la-Plagne";4434;4434
"73007";"247300676";"Aiton";1706;1706
"73008";"200068674";"Aix-les-Bains";29822;29822
"73011";"200068997";"Albertville";18969;18969
"73054";"247300254";"Bourg-Saint-Maurice";7228;7228
"73065";"200069110";"Chambéry";59697;59697
"73157";"200070340";"Modane";3180;3180
"73171";"200041010";"Montmélian";4112;4112
"73181";"200023299";"Moûtiers";3607;3607
"73191";"247300668";"Novalaise";2067;2067
"73227";"200040798";"Courchevel";2370;2370
"73236";"247300528";"Saint-Genix-sur-Guiers";2384;2384
"73248";"200070464";"Saint-Jean-de-Maurienne";7809;7809
"73261";"247300452";"Saint-Michel-de-Maurienne";2472;2472
"73278";"247300361";"Saint-Rémy-de-Maurienne";1282;1282
"73330";"247300262";"Yenne";2981;2981
"74010";"200066793";"Annecy";125694;125694
"74012";"200011773";"Annemasse";35234;35234
"74037";"247400047";"Boëge";1672;1672
"74042";"200000172";"Bonneville";12619;12619
"74056";"200023372";"Chamonix-Mont-Blanc";8906;8906
"74081";"200033116";"Cluses";17538;17538
"74096";"247400112";"Cruseilles";4326;4326
"74119";"200071967";"Evian-les-Bains";8968;8968
"74123";"247400773";"Faverges-Seythenex";7592;7592
"74191";"247400682";"Morzine";2870;2870
"74220";"247400583";"Reignier-Esery";7585;7585
"74224";"247400724";"La-Roche-sur-Foron";11659;11659
"74225";"247400740";"Rumilly";14931;14931
"74243";"247400690";"Saint-Julien-en-Genevois";14085;14085
"74256";"200034882";"Sallanches";16050;16050
"74269";"200070852";"Seyssel";2290;2290
"74272";"247400567";"Sillingy";5045;5045
"74276";"200034098";"Taninges";3410;3410
"74280";"247400617";"Thônes";6549;6549
"74281";"200067551";"Thonon-les-Bains";34895;34895
"74311";"247400666";"Viuz-en-Sallaz";4206;4206
"75056";"200054781";"Paris";2206488;2206488
"76618";"247600729";"Petit-Caux";9431;9431
"76057";"247600646";"Barentin";12249;12249
"76101";"200069722";"Blangy-sur-Bresle";2973;2973
"76114";"200010700";"Bolbec";11679;11679
"76196";"247600497";"Criquetot-l-Esneval";2523;2523
"76217";"247600786";"Dieppe";29965;29965
"76219";"200069847";"Doudeville";2517;2517
"76255";"247600588";"Eu";7106;7106
"76259";"200069821";"Fécamp";19167;19167
"76302";"247600505";"Goderville";2834;2834
"76312";"200069730";"Gournay-en-Bray";6294;6294
"76351";"247600596";"Le-Havre";172366;172366
"76392";"247600604";"Londinières";1289;1289
"76400";"200068534";"Luneray";2182;2182
"76452";"200070449";"Montville";4870;4870
"76462";"200070068";"Neufchâtel-en-Bray";4728;4728
"76540";"200023414";"Rouen";110169;110169
"76647";"247600539";"Saint-Romain-de-Colbosc";4054;4054
"76655";"200069839";"Saint-Valery-en-Caux";4209;4209
"76758";"247600620";"Yvetot";12072;12072
"77053";"247700644";"Brie-Comte-Robert";16635;16635
"77058";"247700594";"Bussy-Saint-Georges";26346;26346
"77100";"200070779";"Le-Châtelet-en-Brie";4455;4455
"77108";"200057958";"Chelles";53833;53833
"77131";"200077055";"Coulommiers";15116;15116
"77159";"200040251";"Donnemarie-Dontilly";2917;2917
"77316";"247700032";"Moret-Loing-et-Orvanne";12426;12426
"77171";"247700438";"Esbly";6192;6192
"77182";"200072544";"La-Ferté-Gaucher";4802;4802
"77186";"200072346";"Fontainebleau";14974;14974
"77192";"200072874";"Fontenay-Trésigny";5377;5377
"77257";"247700065";"Lizy-sur-Ourcq";3628;3628
"77284";"200072130";"Meaux";53720;53720
"77288";"247700057";"Melun";39914;39914
"77305";"247700107";"Montereau-Fault-Yonne";18871;18871
"77327";"247700701";"Nangis";8593;8593
"77333";"200023240";"Nemours";13358;13358
"77350";"200023125";"Ozoir-la-Ferrière";20137;20137
"77379";"200037133";"Provins";11683;11683
"77430";"200033090";"Saint-Pathus";6007;6007
"77449";"247700339";"Serris";8621;8621
"77458";"200023919";"Souppes-sur-Loing";5424;5424
"78062";"247800618";"Beynes";7552;7552
"78089";"200071074";"Bonnières-sur-Seine";4581;4581
"78310";"247800550";"Houdan";3535;3535
"78361";"200059889";"Mantes-la-Jolie";44799;44799
"78380";"200034130";"Maule";5800;5800
"78423";"200058782";"Montigny-le-Bretonneux";33123;33123
"78517";"200073344";"Rambouillet";25456;25456
"78575";"200033173";"Saint-Rémy-lès-Chevreuse";7738;7738
"78586";"200058519";"Sartrouville";52538;52538
"78646";"247800584";"Versailles";85771;85771
"79005";"200041416";"Airvault";3003;3003
"79049";"200040244";"Bressuire";19411;19411
"79061";"200069755";"Celles-sur-Belle";3752;3752
"79101";"200069748";"Coulonges-sur-l-Autize";2363;2363
"79191";"200041317";"Niort";58952;58952
"79202";"200041333";"Parthenay";10381;10381
"79270";"200041994";"Saint-Maixent-l-Ecole";6523;6523
"79329";"247900798";"Thouars";9225;9225
"80001";"200070993";"Abbeville";23278;23278
"80016";"248000747";"Albert";9931;9931
"80021";"248000531";"Amiens";132874;132874
"80212";"248000499";"Corbie";6293;6293
"80253";"200070951";"Doullens";6321;6321
"80318";"200071223";"Flixecourt";3170;3170
"80368";"200070944";"Friville-Escarbotin";4719;4719
"80410";"200070985";"Ham";4679;4679
"80561";"200070977";"Montdidier";6201;6201
"80570";"200070969";"Moreuil";4007;4007
"80620";"200037059";"Péronne";7652;7652
"80630";"200071181";"Poix-de-Picardie";2402;2402
"80680";"200070928";"Rosières-en-Santerre";3007;3007
"80688";"200070936";"Rue";3113;3113
"81004";"248100737";"Albi";49475;49475
"81060";"200040905";"Carmaux";9460;9460
"81065";"248100430";"Castres";41483;41483
"81069";"200034064";"Cordes-sur-Ciel";952;952
"81099";"200066124";"Gaillac";15423;15423
"81115";"248100745";"Labastide-Rouairoux";1410;1410
"81124";"200066553";"Lacaune";2508;2508
"81139";"200034056";"Lautrec";1776;1776
"81140";"200034023";"Lavaur";10699;10699
"81222";"200034049";"Réalmont";3379;3379
"81227";"200066561";"Roquecourbe";2236;2236
"81273";"248100158";"Saïx";3471;3471
"81308";"248100497";"Valence-d-Albigeois";1317;1317
"81317";"200034031";"Villefranche-d-Albigeois";1241;1241
"82013";"248200065";"Beaumont-de-Lomagne";3744;3744
"82033";"200066322";"Castelsarrasin";13886;13886
"82037";"248200057";"Caussade";6841;6841
"82087";"200067122";"Lafrançaise";2877;2877
"82094";"200040418";"Lauzerte";1468;1468
"82121";"248200099";"Montauban";59982;59982
"82125";"200066652";"Montech";6246;6246
"82134";"200066884";"Nègrepelisse";5597;5597
"82155";"248200107";"Saint-Antonin-Noble-Val";1866;1866
"82186";"248200016";"Valence";5277;5277
"83023";"200068104";"Brignoles";17093;17093
"83049";"200027100";"Cuers";10832;10832
"83050";"248300493";"Draguignan";40278;40278
"83061";"200035319";"Fréjus";52897;52897
"83073";"248300550";"Le-Luc";10821;10821
"83081";"200004802";"Montauroux";6298;6298
"83102";"200040210";"Régusse";2512;2512
"83104";"200040202";"Rians";4254;4254
"83115";"200036077";"Sainte-Maxime";14289;14289
"83123";"248300394";"Sanary-sur-Mer";16168;16168
"83130";"248300410";"Solliès-Pont";10951;10951
"83137";"248300543";"Toulon";167479;167479
"84003";"200040624";"Apt";11846;11846
"84007";"248400251";"Avignon";92130;92130
"84019";"200000628";"Bollène";13617;13617
"84031";"248400053";"Carpentras";28699;28699
"84035";"200040442";"Cavaillon";26707;26707
"84054";"248400319";"L-Isle-sur-la-Sorgue";19483;19483
"84082";"200035723";"Mormoiron";1892;1892
"84087";"248400236";"Orange";29561;29561
"84091";"248400160";"Piolenc";5083;5083
"84129";"248400293";"Sorgues";18210;18210
"84133";"248400285";"La-Tour-d-Aigues";4196;4196
"84137";"248400335";"Vaison-la-Romaine";6072;6072
"84138";"200040681";"Valréas";9492;9492
"85003";"200072882";"Aizenay";9212;9212
"85020";"248500563";"Benet";4007;4007
"85084";"200071918";"Essarts-en-Bocage";8719;8719
"85047";"200071629";"Challans";20133;20133
"85051";"248500340";"Chantonnay";8279;8279
"85152";"248500530";"Les-Achards";4925;4925
"85059";"248500415";"La-Châtaigneraie";2536;2536
"85090";"248500464";"Sèvremont";6470;6470
"85092";"200071934";"Fontenay-le-Comte";13640;13640
"85109";"248500621";"Les-Herbiers";15992;15992
"85128";"200073260";"Luçon";9394;9394
"85146";"200070233";"Montaigu";5180;5180
"85151";"248500662";"Mortagne-sur-Sèvre";5964;5964
"85163";"248500191";"Noirmoutier-en-l-Île";4666;4666
"85166";"200071165";"Olonne-sur-Mer";14875;14875
"85191";"248500589";"La-Roche-sur-Yon";53578;53578
"85226";"200023778";"Saint-Hilaire-de-Riez";11222;11222
"85234";"248500258";"Saint-Jean-de-Monts";8621;8621
"85288";"200071900";"Talmont-Saint-Hilaire";7363;7363
"86066";"248600413";"Châtellerault";31809;31809
"86078";"200070035";"Civray";2664;2664
"86137";"248600447";"Loudun";6740;6740
"86165";"200070043";"Montmorillon";6095;6095
"86177";"200069763";"Neuville-de-Poitou";5352;5352
"86194";"200069854";"Poitiers";87918;87918
"86293";"200043628";"Vivonne";4266;4266
"87001";"248719288";"Aixe-sur-Vienne";5835;5835
"87002";"200066512";"Ambazac";5639;5639
"87011";"200071942";"Bellac";4107;4107
"87040";"248719338";"Châteauneuf-la-Forêt";1603;1603
"87041";"248719262";"Châteauponsac";2032;2032
"87064";"248719353";"Eymoutiers";2055;2055
"87085";"248719312";"Limoges";133627;133627
"87106";"200070506";"Nexon";2568;2568
"87111";"200066520";"Oradour-sur-Vayres";1522;1522
"87154";"200059400";"Saint-Junien";11156;11156
"87161";"248719361";"Saint-Léonard-de-Noblat";4633;4633
"87187";"248700189";"Saint-Yrieix-la-Perche";6813;6813
"87203";"200040814";"Vicq-sur-Breuilh";1334;1334
"88078";"200042000";"Bruyères";3115;3115
"88124";"200068773";"Darney";1124;1124
"88160";"200068757";"Epinal";31938;31938
"88196";"200071157";"Gérardmer";8294;8294
"88304";"200068369";"Mirecourt";5325;5325
"88321";"200068559";"Neufchâteau";6615;6615
"88367";"200005957";"Rambervillers";5402;5402
"88383";"200068377";"Remiremont";7741;7741
"88413";"200071066";"Saint-Dié-des-Vosges";20079;20079
"88468";"200033868";"Le-Thillot";3513;3513
"88516";"200068682";"Vittel";5213;5213
"89003";"248900524";"Montholon";2908;2908
"89024";"200067114";"Auxerre";34583;34583
"89025";"200039758";"Avallon";6807;6807
"89068";"200067080";"Chablis";2300;2300
"89086";"200067130";"Charny-Orée-de-Puisaye";5056;5056
"89206";"248900938";"Joigny";9580;9580
"89208";"200039709";"Joux-la-Ville";1239;1239
"89257";"248900383";"Migennes";7085;7085
"89345";"200067304";"Saint-Florentin";4505;4505
"89370";"248900748";"Saint-Valérien";1677;1677
"89387";"248900334";"Sens";25784;25784
"89418";"200039642";"Tonnerre";4736;4736
"89460";"248900896";"Villeneuve-la-Guyard";3423;3423
"89461";"248900664";"Villeneuve-l-Archevêque";1162;1162
"90010";"200069052";"Belfort";49519;49519
"90033";"249000241";"Delle";5749;5749
"90052";"200069060";"Giromagny";3130;3130
"91200";"249100595";"Dourdan";10673;10673
"91223";"200017846";"Etampes";24271;24271
"91226";"249100553";"Etréchy";6517;6517
"91228";"200059228";"Evry";53871;53871
"91338";"249100074";"Limours";6700;6700
"91377";"200056232";"Massy";48363;48363
"91386";"249100546";"Mennecy";13959;13959
"91405";"249100157";"Milly-la-Forêt";4726;4726
"91549";"200057859";"Sainte-Geneviève-des-Bois";35857;35857
"91657";"200058477";"Vigneux-sur-Seine";30728;30728
"95039";"249500430";"Auvers-sur-Oise";6964;6964
"95127";"249500109";"Cergy";63395;63395
"95197";"200056380";"Deuil-la-Barre";22085;22085
"95252";"200058485";"Franconville";34920;34920
"95313";"249500455";"L-Isle-Adam";12249;12249
"95355";"249500513";"Magny-en-Vexin";5594;5594
"95370";"200035970";"Marines";3525;3525
"95487";"249500489";"Persan";12590;12590
"95585";"200055655";"Sarcelles";57412;57412
"95652";"200073013";"Viarmes";5213;5213
"97101";"200018653";"Les-Abymes";55306;55306
"97107";"249710070";"Capesterre-Belle-Eau";18980;18980
"97112";"249710047";"Grand-Bourg";5179;5179
"97113";"200041507";"Le-Gosier";27057;27057
"97117";"200044691";"Le-Moule";22329;22329
"97118";"249710062";"Petit-Bourg";24086;24086
"97207";"249720053";"Ducos";17792;17792
"97209";"249720061";"Fort-de-France";82502;82502
"97222";"200041788";"Le-Robert";23139;23139
"97302";"249730045";"Cayenne";57614;57614
"97304";"200027548";"Kourou";26221;26221
"97308";"249730052";"Saint-Georges";4020;4020
"97311";"249730037";"Saint-Laurent-du-Maroni";43600;43600
"97409";"249740093";"Saint-André";55730;55730
"97411";"249740119";"Saint-Denis";146985;146985
"97415";"249740101";"Saint-Paul";105967;105967
"97416";"249740077";"Saint-Pierre";84063;84063
"97422";"249740085";"Le-Tampon";76310;76310
